"type","Quantity","values"
Mohn,SSB,-1.87338761283302
Mohn,Recruitment,-0.945231686020299
Mohn,Fraction unfished,-1.40932910251971
Mohn,F,2.90605954748026
NEFSC,SSB,-0.753814511040721
NEFSC,Recruitment,-0.603557736406822
NEFSC,Fraction unfished,-0.0923031871741299
NEFSC,F,0.769654462671477
AFSC,SSB,-0.374677522566603
AFSC,Recruitment,-0.18904633720406
AFSC,F,0.581211909496052
AFSC,Fraction unfished,-0.281865820503941
